case_id,ground_truth,b1,b2,b3,b4,debate,pds,escalated,option_ranking,a_letters,b_letters
0,Tell the attending that he cannot fail to disclose this mistake,Disclose the error to the patient and put it in the operative report,Disclose the error to the patient and put it in the operative report,Disclose the error to the patient and put it in the operative report,Disclose the error to the patient and put it in the operative report,Disclose the error to the patient and put it in the operative report,0.08778341833961209,False,"['A', 'B', 'D', 'C']","['A', 'A', 'A']","['B', 'D', 'C']"
1,Cross-linking of DNA,Cross-linking of DNA,,Cross-linking of DNA,Cross-linking of DNA,Cross-linking of DNA,0.25721150851954033,False,"['D', 'B', 'A', 'C']","['D', 'D', 'D']","['D', 'C', 'C']"
2,Cholesterol embolization,Cholesterol embolization,Cholesterol embolization,Cholesterol embolization,Cholesterol embolization,Cholesterol embolization,0.0598390561760684,False,"['B', 'C', 'D', 'A']","['B', 'B', 'B']","['C', 'C', 'C']"
3,"Lactose-fermenting, gram-negative rods forming pink colonies on MacConkey agar","Coagulase-positive, gram-positive cocci forming mauve-colored colonies on methicillin-containing agar","The patient presents with signs of sepsis (fever, tachycardia, tachypnea, hypotension) and a possible pelvic inflammatory disease (PID) given the fevers, chills, left lower quadrant pain, mucopurulent cervical discharge, and left adnexal tenderness. The laboratory findings of thrombocytopenia (platelet count 14,200/mm3), low fibrinogen (83 mg/mL), and elevated D-dimer (965 ng/mL) are highly suggestive of disseminated intravascular coagulation (DIC), a common complication of severe sepsis.

The description of the substance identified when phenol is applied to the patient's blood at 90°C is a key clue. This describes a phosphorylated N-acetylglucosamine dimer with 6 fatty acids attached to a polysaccharide side chain. This is characteristic of **lipopolysaccharide (LPS)**, also known as endotoxin, which is a major component of the outer membrane of gram-negative bacteria. The presence of endotoxin in the bloodstream strongly indicates a gram-negative bacterial infection.

Now let's evaluate the answer options in the context of a gram-negative sepsis, likely originating from a pelvic infection:

*   **A. Coagulase-positive, gram-positive cocci forming mauve-colored colonies on methicillin-containing agar:** This description points to *Staphylococcus aureus*, a gram-positive organism. While *S. aureus* can cause sepsis, the endotoxin finding makes gram-negative bacteria more likely. Also, mauve colonies on methicillin-containing agar are not typical for *S. aureus*.

*   **B. Encapsulated, gram-negative coccobacilli forming grey-colored colonies on charcoal blood agar:** This description is highly suggestive of *Haemophilus influenzae*. *H. influenzae* is a gram-negative coccobacillus that can cause severe infections, including sepsis, and is often found in respiratory and mucosal infections. While *H. influenzae* sepsis is possible, it's not the most common cause of sepsis associated with PID. However, the endotoxin clue strongly favors gram-negative bacteria. The colony description is also specific.

*   **C. Spore-forming, gram-positive bacilli forming yellow colonies on casein agar:** This describes *Bacillus* species, which are gram-positive. This is inconsistent with the endotoxin finding.

*   **D. Lactose-fermenting, gram-negative rods forming pink colonies on MacConkey agar:** This describes common Enterobacteriaceae like *E. coli*, *Klebsiella*, or *Enterobacter*. *E. coli* is a very common cause of urinary tract infections and can ascend to cause pyelonephritis and sepsis. It is also a frequent cause of intra-abdominal and pelvic infections, which can lead to sepsis. The presence of endotoxin (LPS) is characteristic of these gram-negative rods. MacConkey agar is selective for gram-negative bacteria and differentiates them based on lactose fermentation, with lactose fermenters producing pink colonies. Given the pelvic source and the endotoxin finding, *E. coli* or other Enterobacteriaceae are highly likely pathogens.

Considering the clinical presentation (PID, sepsis) and the strong evidence for a gram-negative bacterial infection (endotoxin), the most likely organisms to be found in a blood culture would be gram-negative rods, particularly those commonly associated with pelvic infections. *E. coli* is the most frequent cause of PID and subsequent sepsis.

Let's re-examine option B. While *H. influenzae* is gram-negative, it's less commonly associated with PID than Enterobacteriaceae. The description of ""encapsulated, gram-negative coccobacilli"" fits *H. influenzae*. However, the question asks what is *most likely* to be seen.

Let's focus on the endotoxin clue. Endotoxin is a hallmark of gram-negative bacteria. The pelvic examination findings (mucopurulent discharge, adnexal tenderness) suggest an infection originating from the cervix or upper genital tract. Common pathogens include *Neisseria gonorrhoeae*, *Chlamydia trachomatis*, and enteric gram-negative bacteria like *E. coli*. While *N. gonorrhoeae* is a gram-negative diplococcus, it is not typically described as forming colonies on charcoal blood agar or MacConkey agar in the way described. *Chlamydia* is an obligate intracellular bacterium and would not be seen on standard blood cultures or described with these colony characteristics.

Enteric gram-negative rods, such as *E. coli*, are very common causes of sepsis, especially in the setting of intra-abdominal or pelvic infections. They are lactose-fermenting gram-negative rods that form pink colonies on MacConkey agar. This aligns well with the endotoxin finding and the likely source of infection.

Let's reconsider the options. The endotoxin clue is paramount. It points to gram-negative bacteria.
Option A is gram-positive.
Option B describes *H. influenzae*. While gram-negative, it's not the most common cause of PID-related sepsis.
Option C is gram-positive.
Option D describes lactose-fermenting gram-negative rods, a group that includes *E. coli*, a very common pathogen in PID and sepsis.

The description of the endotoxin is a direct indicator of gram-negative bacteria. Among the gram-negative options, option D, representing common Enterobacteriaceae like *E. coli*, is the most likely pathogen in a patient with signs of PID and sepsis.

Final check: The endotoxin is a lipopolysaccharide from the outer membrane of gram-negative bacteria. Option D describes lactose-fermenting gram-negative rods, which are common causes of sepsis and can originate from the pelvic region.

The final answer is $\boxed{D}$.","Coagulase-positive, gram-positive cocci forming mauve-colored colonies on methicillin-containing agar","Coagulase-positive, gram-positive cocci forming mauve-colored colonies on methicillin-containing agar","Lactose-fermenting, gram-negative rods forming pink colonies on MacConkey agar",0.09386943886860595,False,"['A', 'B', 'D', 'C']","['B', 'B', 'B']","['D', 'C', 'D']"
4,Ketotifen eye drops,Ketotifen eye drops,Ketotifen eye drops,Ketotifen eye drops,Ketotifen eye drops,Ketotifen eye drops,0.10896831550278549,False,"['B', 'D', 'C', 'A']","['B', 'B', 'B']","['D', 'C', 'D']"
5,Reassurance and continuous monitoring,Labetalol,"The patient presents with symptoms highly suggestive of an acute myocardial infarction (MI) or acute coronary syndrome (ACS). His risk factors include hypertension, smoking, and recent cocaine use, all of which can precipitate an MI. The chest pain radiating to the epigastric area, along with nausea and diaphoresis, are classic signs.

The immediate management of suspected ACS focuses on relieving pain, improving oxygenation, and reducing myocardial oxygen demand. Given the patient's presentation, the priority is to stabilize him and address potential underlying causes of his symptoms.

Let's analyze the options:

A. Diltiazem is a calcium channel blocker. While it can be used in some ACS management, it's not typically the *first* step, especially in the setting of potential cocaine-induced vasospasm where beta-blockers are often preferred.

B. Labetalol is a combined alpha and beta-blocker. Beta-blockers are crucial in managing ACS as they reduce heart rate, blood pressure, and contractility, thereby decreasing myocardial oxygen demand. Labetalol's alpha-blocking properties can also help with vasodilation. In the context of cocaine use, beta-blockers are generally recommended to counteract the sympathomimetic effects of cocaine, which can cause vasoconstriction and increase heart rate and blood pressure. However, there's a theoretical concern about unopposed alpha-stimulation if a pure beta-blocker is used in cocaine-induced hypertension. Labetalol, with its alpha-blocking activity, is often considered a safer choice in this scenario.

C. Propranolol is a non-selective beta-blocker. While beta-blockers are important in ACS, in the context of recent cocaine use, a beta-blocker with alpha-blocking properties like labetalol is generally preferred to avoid potential unopposed alpha-stimulation.

D. Reassurance and continuous monitoring is insufficient as a first step given the severity of the symptoms and the high suspicion for a life-threatening cardiac event. Immediate medical intervention is required.

Considering the patient's cocaine use, which can cause coronary artery vasospasm and increase sympathetic tone, a beta-blocker is indicated to counter these effects and reduce myocardial oxygen demand. Labetalol, with its combined alpha and beta-blocking activity, is often the preferred beta-blocker in patients with suspected cocaine-induced cardiac events because it can help manage both the hypertension and the potential for unopposed alpha-stimulation that might occur with pure beta-blockers. Therefore, labetalol is the most appropriate initial pharmacological intervention among the choices provided.

The final answer is $\boxed{B}$.",Labetalol,Labetalol,Labetalol,0.05760733397907118,False,"['B', 'A', 'C', 'D']","['B', 'B', 'B']","['A', 'A', 'A']"
6,Common iliac artery aneurysm,Benign prostatic hyperplasia,Benign prostatic hyperplasia,Benign prostatic hyperplasia,Benign prostatic hyperplasia,Common iliac artery aneurysm,0.2748570861814195,False,"['B', 'D', 'A', 'C']","['D', 'C', 'C']","['A', 'D', 'D']"
7,Clopidogrel,Clopidogrel,Clopidogrel,Clopidogrel,Clopidogrel,Clopidogrel,0.1133571982383728,False,"['C', 'B', 'D', 'A']","['C', 'C', 'C']","['B', 'D', 'D']"
8,Active or recurrent pelvic inflammatory disease (PID),Active or recurrent pelvic inflammatory disease (PID),Active or recurrent pelvic inflammatory disease (PID),Active or recurrent pelvic inflammatory disease (PID),A history of stroke or venous thromboembolism,Active or recurrent pelvic inflammatory disease (PID),0.10030362554431173,False,"['B', 'A', 'D', 'C']","['B', 'B', 'B']","['D', 'D', 'D']"
9,Silvery plaques on extensor surfaces,Erosions of the dental enamel,Silvery plaques on extensor surfaces,Flesh-colored papules in the lumbosacral region,Flesh-colored papules in the lumbosacral region,Silvery plaques on extensor surfaces,0.2022389364847448,False,"['C', 'A', 'B', 'D']","['C', 'A', 'A']","['A', 'C', 'C']"
10,It is an HIV-1/HIV2 antibody differentiation immunoassay,It is an HIV-1/HIV2 antibody differentiation immunoassay,It is an HIV-1/HIV2 antibody differentiation immunoassay,It is an HIV-1/HIV2 antibody differentiation immunoassay,It is an HIV-1/HIV2 antibody differentiation immunoassay,It is an HIV-1/HIV2 antibody differentiation immunoassay,0.22657081222850384,False,"['D', 'B', 'C', 'A']","['D', 'D', 'D']","['B', 'B', 'C']"
11,Ruxolitinib,Ruxolitinib,Ruxolitinib,Ruxolitinib,Ruxolitinib,Ruxolitinib,0.17527056917292577,False,"['D', 'B', 'A', 'C']","['D', 'D', 'D']","['B', 'C', 'C']"
12,Meningioma,Meningioma,Meningioma,Meningioma,Meningioma,Meningioma,0.17468781805354655,False,"['B', 'D', 'C', 'A']","['B', 'B', 'B']","['D', 'D', 'C']"
13,A reduction in diastolic filling time,A reduction in diastolic filling time,A reduction in diastolic filling time,A reduction in diastolic filling time,A reduction in diastolic filling time,A reduction in the slope of the pacemaker potential,0.1379067880333682,False,"['D', 'A', 'B', 'C']","['D', 'D', 'D']","['C', 'C', 'C']"
14,Rotavirus,Rotavirus,Rotavirus,Rotavirus,Rotavirus,Rotavirus,0.10929841137248578,False,"['C', 'B', 'D', 'A']","['C', 'C', 'C']","['B', 'B', 'B']"
15,Gallbladder cancer,Gallbladder cancer,Gallbladder cancer,Gallbladder cancer,Acute cholecystitis,Pancreatitis,0.0880346808465153,False,"['B', 'A', 'D', 'C']","['B', 'B', 'B']","['A', 'D', 'D']"
16,IL-4,IL-4,IL-4,IL-4,IL-13,IL-4,0.04127078565067153,False,"['D', 'C', 'B', 'A']","['D', 'D', 'D']","['C', 'C', 'C']"
17,Matching,Matching,Matching,Matching,Matching,Matching,0.156027895414519,False,"['D', 'B', 'C', 'A']","['D', 'D', 'D']","['B', 'B', 'B']"
18,Ibuprofen + colchicine +/- omeprazole,Indomethacin +/- omeprazole,Ibuprofen + colchicine +/- omeprazole,Indomethacin +/- omeprazole,Ibuprofen + colchicine +/- omeprazole,Ibuprofen + colchicine +/- omeprazole,0.1891848732714733,False,"['A', 'B', 'C', 'D']","['A', 'B', 'B']","['B', 'C', 'C']"
19,"Benzodiazepine intoxication
""",Ethanol intoxication,Ethanol intoxication,Ethanol intoxication,Ethanol intoxication,Ethanol intoxication,0.10586099249413097,False,"['B', 'D', 'A', 'C']","['B', 'B', 'B']","['D', 'D', 'D']"
20,Previous radiation therapy,Previous breast cancer,Previous radiation therapy,Previous breast cancer,Previous breast cancer,Previous radiation therapy,0.10436070597106331,False,"['D', 'C', 'A', 'B']","['D', 'D', 'D']","['C', 'C', 'C']"
21,22q11 deletion,22q11 deletion,,22q11 deletion,22q11 deletion,22q11 deletion,0.10278910049224299,False,"['A', 'C', 'D', 'B']","['A', 'A', 'A']","['C', 'C', 'C']"
22,Histoplasma capsulatum infection,Histoplasma capsulatum infection,,Histoplasma capsulatum infection,Histoplasma capsulatum infection,Blastomyces dermatitidis infection,0.09337554312068523,False,"['C', 'D', 'A', 'B']","['C', 'C', 'C']","['D', 'D', 'D']"
23,Staphylococcus aureus,Streptococcus pneumoniae,Staphylococcus aureus,Streptococcus pneumoniae,Streptococcus pneumoniae,Staphylococcus aureus,0.10851135588008465,False,"['A', 'C', 'D', 'B']","['A', 'A', 'A']","['C', 'C', 'D']"
24,Intubate with mechanical ventilation,Intubate with mechanical ventilation,Intubate with mechanical ventilation,Intubate with mechanical ventilation,Intubate with mechanical ventilation,Intubate with mechanical ventilation,0.10800701379776001,False,"['A', 'D', 'C', 'B']","['A', 'A', 'A']","['D', 'C', 'C']"
25,Respiratory burst,Respiratory burst,Respiratory burst,Respiratory burst,Respiratory burst,Respiratory burst,0.15961985483773317,False,"['D', 'B', 'C', 'A']","['D', 'D', 'D']","['C', 'C', 'C']"
26,Steeple sign,Steeple sign,Steeple sign,Steeple sign,Steeple sign,Steeple sign,0.13900730239091524,False,"['D', 'C', 'A', 'B']","['D', 'D', 'D']","['C', 'C', 'A']"
27,Induction of CYP3A4 by rifampin leading to decreased serum levels of ethinylestradiol and progesterone,Induction of CYP3A4 by rifampin leading to decreased serum levels of ethinylestradiol and progesterone,Induction of CYP3A4 by rifampin leading to decreased serum levels of ethinylestradiol and progesterone,Induction of CYP3A4 by rifampin leading to decreased serum levels of ethinylestradiol and progesterone,Induction of CYP3A4 by rifampin leading to decreased serum levels of ethinylestradiol and progesterone,Induction of CYP3A4 by rifampin leading to decreased serum levels of ethinylestradiol and progesterone,0.14083950467944356,False,"['A', 'B', 'C', 'D']","['A', 'A', 'A']","['A', 'C', 'C']"
28,Increased cerebrospinal fluid protein with normal cell count,Increased cerebrospinal fluid protein with normal cell count,"The patient presents with a history of vomiting, diarrhea, and bloody stools, followed by the development of lower extremity weakness and diminished reflexes. The initial symptoms suggest a gastrointestinal illness, possibly infectious. The subsequent neurological symptoms, particularly the lower extremity weakness and diminished reflexes, in conjunction with a history of diarrhea, raise suspicion for a post-infectious neurological complication.

Let's analyze the options:

A. Gram stain positive CSF: This would suggest bacterial meningitis. While possible, the presentation doesn't strongly point to meningitis (e.g., no nuchal rigidity mentioned, fever is present but not extremely high for meningitis, and the neurological symptoms are more specific to peripheral nerve involvement).

B. Peripheral eosinophilia: Eosinophilia can be seen in parasitic infections, allergic reactions, and some inflammatory conditions. While a parasitic infection could cause GI symptoms, the neurological picture described (weakness, tingling, diminished reflexes) is not typical for common parasitic infections of the gut. However, some parasitic infections can lead to neurological manifestations.

C. Xanthochromia on cerebrospinal fluid analysis: Xanthochromia (yellowish discoloration of CSF) typically indicates the presence of bilirubin, which is usually a result of subarachnoid hemorrhage or very prolonged or severe meningitis. This is less likely given the patient's presentation.

D. Increased cerebrospinal fluid protein with normal cell count: This pattern, known as albuminocytologic dissociation, is characteristic of Guillain-Barré syndrome (GBS). GBS is an autoimmune disorder that often follows an infection (viral or bacterial) and affects the peripheral nervous system, leading to ascending weakness, sensory changes, and areflexia. The patient's history of diarrhea, followed by lower extremity weakness, tingling, and diminished reflexes, is highly suggestive of GBS. The increased CSF protein with normal cell count is a classic finding in GBS.

Considering the clinical progression from gastrointestinal symptoms to neurological deficits affecting the lower extremities with diminished reflexes, Guillain-Barré syndrome is the most likely diagnosis. The laboratory finding most consistent with GBS is increased cerebrospinal fluid protein with a normal cell count.

The final answer is $\boxed{D}$.",Increased cerebrospinal fluid protein with normal cell count,Increased cerebrospinal fluid protein with normal cell count,Increased cerebrospinal fluid protein with normal cell count,0.10862591775363784,False,"['D', 'B', 'C', 'A']","['D', 'D', 'D']","['B', 'B', 'B']"
29,Reassurance,Foot abduction brace,Foot abduction brace,Foot abduction brace,Foot abduction brace,Reassurance,0.07824040636164649,False,"['A', 'C', 'D', 'B']","['A', 'A', 'A']","['C', 'C', 'C']"
30,Obstruction of the cystic duct,Obstruction of the cystic duct,Obstruction of the cystic duct,Obstruction of the cystic duct,Obstruction of the cystic duct,Obstruction of the cystic duct,0.15566879367389738,False,"['D', 'B', 'C', 'A']","['D', 'D', 'D']","['B', 'B', 'C']"
31,Increased ventricular wall stiffness,Mitral valve regurgitation,Impaired left ventricular contractility,Impaired left ventricular contractility,Impaired left ventricular contractility,Increased ventricular wall stiffness,0.07421820672458511,False,"['A', 'D', 'C', 'B']","['D', 'D', 'D']","['C', 'C', 'C']"
32,Chloramphenicol,Chloramphenicol,,Chloramphenicol,Chloramphenicol,Chloramphenicol,0.13511373519077013,False,"['D', 'C', 'B', 'A']","['D', 'D', 'D']","['C', 'C', 'C']"
33,Proliferation of gastric mucus-producing cells,Ectopic secretion of gastrin,,Ectopic secretion of gastrin,Serotonin-secreting gastric tumor,Excessive somatostatin secretion,0.11033497488433236,False,"['D', 'C', 'B', 'A']","['D', 'D', 'D']","['C', 'C', 'C']"
34,"Insulin, potassium, IV fluids, and glucose","Insulin, potassium, IV fluids, and glucose",Supportive therapy and close monitoring,"Insulin, potassium, IV fluids, and glucose","Insulin, potassium, IV fluids, and glucose",IV fluids only,0.1197324494329918,False,"['A', 'B', 'D', 'C']","['D', 'D', 'B']","['B', 'C', 'A']"
35,Psoriatic arthritis,Psoriatic arthritis,Psoriatic arthritis,Psoriatic arthritis,Psoriatic arthritis,Psoriatic arthritis,0.13372636127699072,False,"['A', 'C', 'B', 'D']","['A', 'A', 'A']","['A', 'C', 'C']"
36,Paraneoplastic syndrome from small cell carcinoma of the lung,Myasthenia gravis,Myasthenia gravis,Myasthenia gravis,Myasthenia gravis,Paraneoplastic syndrome from small cell carcinoma of the lung,0.1130091581376225,False,"['C', 'D', 'B', 'A']","['C', 'C', 'C']","['D', 'D', 'D']"
37,Defective T cell function,Defective T cell function,Defective T cell function,Defective T cell function,Defective T cell function,Defective isotype switching,0.11867396990985178,False,"['A', 'B', 'C', 'D']","['A', 'A', 'A']","['B', 'C', 'C']"
38,2.67,2.67,2.67,2.67,2.67,2.5,0.054899070900799846,False,"['D', 'C', 'B', 'A']","['D', 'D', 'D']","['C', 'C', 'C']"
39,Arcuate fasciculus,Arcuate fasciculus,Arcuate fasciculus,Arcuate fasciculus,Arcuate fasciculus,Arcuate fasciculus,0.05057214806660399,False,"['A', 'D', 'B', 'C']","['A', 'A', 'A']","['C', 'D', 'C']"
